ID,Фамилия,Почта,URL,Дата регистрации
1,Callahan,urangel@espinoza-francis.net,http://www.escobar.org/,2020-08-26
2,Ferrell,xreese@hall-donovan.com,https://tyler-pugh.info/,2020-04-27
3,Andersen,haleybraun@blevins-sexton.com,https://www.mack-bell.net/,2022-03-22
4,Ponce,hohailey@anthony.com,https://delacruz-freeman.org/,2020-07-02
5,Mccormick,alvaradojesse@rangel-shields.com,https://welch.info/,2021-01-17
6,Lee,briangriffin@chang.org,https://www.roberts.com/,2021-08-13
7,Hoffman,bauergerald@morrison.com,http://www.holt.com/,2020-04-09
8,Wiggins,changkellie@howell.com,http://carlson.com/,2021-04-02
9,Payne,mayerjerome@hurst-graham.net,https://www.glenn-snow.com/,2020-11-26
10,Franco,kentryan@stone-oneill.com,http://ruiz.com/,2021-06-29
11,Hawkins,danielbuckley@hatfield.info,https://www.newman.com/,2021-05-02
12,Shaffer,gabrielaleach@rose.net,https://www.hoffman-rubio.com/,2021-04-07
13,Moran,cartermallory@chung.com,https://hinton.info/,2020-02-28
14,Hammond,lweeks@hooper.org,https://bush-huynh.org/,2022-03-03
15,Blackwell,calhounalisha@hardin.net,https://barker-bishop.info/,2021-03-30
16,Newton,ypayne@gaines.biz,https://figueroa.com/,2020-08-09
17,Archer,nwu@brady-chen.com,http://www.callahan.net/,2021-05-21
18,Griffin,harold11@mullen.org,http://www.mclaughlin-hubbard.net/,2021-06-02
19,Valencia,andrewsanders@marks.com,http://www.myers.com/,2021-04-17
20,Ramsey,amy99@booker.com,http://www.larsen-floyd.biz/,2020-12-30
21,Meadows,basschristian@faulkner.com,https://chavez.com/,2020-01-01
22,Brock,ldelacruz@spence.com,https://www.norman.org/,2021-06-27
23,Pope,hayleyritter@price.net,http://www.moyer.com/,2020-05-19
24,Stanton,yhebert@hays-rivera.com,http://young.com/,2020-01-23
25,Flynn,austinhobbs@briggs.com,http://huerta-cordova.info/,2020-09-05
26,Williamson,zramos@haney.org,http://www.allison-clements.com/,2020-03-06
27,Calderon,shelley82@jarvis.com,http://www.larsen.org/,2021-06-17
28,Walton,sharigriffin@cameron.com,https://quinn.biz/,2020-11-15
29,Mack,rpace@huynh.com,http://www.macdonald-lyons.com/,2021-03-01
30,Jacobson,emullins@simpson-christensen.com,http://www.guerra-armstrong.com/,2021-09-02
31,Harper,patricialeach@hernandez.biz,http://www.barajas-hendrix.com/,2020-07-06
32,Mayer,mindy15@fuentes.org,http://perkins.com/,2020-07-15
33,Owens,jake39@little.com,https://mckee-hill.net/,2022-01-02
34,Davies,mhudson@hardin.com,https://www.bray.com/,2021-03-09
35,Cruz,nlane@kane-pennington.com,https://www.tran.net/,2022-05-03
36,Hubbard,savannah10@simpson.com,https://www.velazquez-wright.com/,2021-03-17
37,Bennett,cristian16@hill-beard.com,https://www.frederick.com/,2021-01-12
38,Hansen,jasmineaustin@whitehead.info,https://www.graves.info/,2020-01-14
39,Foster,samuel97@wyatt.com,https://www.schmitt.com/,2020-10-29
40,Medina,karlgarrett@fischer.biz,http://www.nicholson.org/,2020-03-02
41,Santana,biancahenry@hernandez.org,http://www.gates.net/,2021-06-11
42,Moreno,marisa13@hickman.com,https://www.gillespie.biz/,2022-02-12
43,Bush,billymorris@lambert-irwin.com,http://www.zhang.com/,2020-02-13
44,Davenport,barry91@howe.info,https://www.davenport.com/,2020-05-10
45,Terry,kdavies@owen-humphrey.info,http://www.grimes-summers.com/,2021-01-04
46,Esparza,gregghendricks@conner-weiss.info,http://harris.net/,2020-09-24
47,Richard Moore,alfredbradford@perry.com,https://www.delacruz.com/,2022-04-17
48,Gillespie,ngilmore@bush.net,https://www.tyler.com/,2021-12-25
49,Lin,vgilbert@romero.biz,https://www.long-hickman.com/,2020-06-23
50,Thomas,dgould@graham-winters.com,https://johns-sharp.com/,2021-10-06
51,Fischer,fsuarez@cooper-montes.biz,http://mcgrath.org/,2021-10-21
52,West,natasha83@delacruz-edwards.com,https://spencer.com/,2020-01-26
53,Morton,mbonilla@hampton.com,https://www.lindsey.org/,2020-01-22
54,Guerra,basskaylee@lynn-gill.biz,https://www.leblanc.com/,2021-08-19
55,Shelton,lfaulkner@villanueva.com,https://giles-newton.com/,2022-05-12
56,Meza,maystiffany@davidson.com,https://richmond.com/,2022-04-21
57,Tapia,katie69@romero.net,https://nolan.com/,2020-11-12
58,Powell,valerie35@olsen.com,http://www.fernandez-fisher.com/,2020-10-11
59,Irwin,ivanhiggins@charles-estrada.com,https://www.mcneil.com/,2021-09-30
60,Hodge,xcallahan@cantu.com,https://www.nguyen.com/,2021-06-26
61,Drake,melvindrake@friedman-bradley.com,https://www.cain-allen.com/,2021-10-22
62,Tran,carpentergary@vance-weeks.com,https://www.snow.org/,2022-03-03
63,Webster,duartejohnathan@pennington.com,https://www.knight.net/,2020-09-02
64,Mcclure,zbrock@blevins-payne.com,http://www.rush.biz/,2020-03-10
65,Wu,phelpsandres@hartman-cooper.org,http://www.levine.com/,2021-03-15
66,Bridges,nataliefarley@richardson.com,http://carrillo.com/,2021-10-05
67,Washington,daisyblair@walsh-holmes.org,https://www.trevino.info/,2021-12-05
68,Ayala,thomasnicholas@blankenship-ford.com,https://www.wagner.org/,2021-09-26
69,Hooper,hburke@duke-mcmahon.com,https://www.copeland.org/,2020-12-05
70,Robbins,lonnielittle@hoffman-meadows.com,http://moyer.com/,2020-03-15
71,Cobb,qmcdaniel@cruz.net,https://www.acevedo-macdonald.net/,2020-12-20
72,Salas,austinvang@glenn.com,https://deleon.com/,2021-06-22
73,Long,shortfrederick@cobb.net,https://www.roach.com/,2020-01-12
74,Kemp,yolanda69@rosario.com,http://www.blankenship.com/,2022-01-09
75,Horn,michaela80@russell.com,http://www.terrell.com/,2020-07-21
76,Spears,ashley39@garrison.com,https://www.rodgers.biz/,2020-02-26
77,Ortiz Ortega,alan50@hobbs.info,https://valdez-li.org/,2021-09-13
78,Cantu,hsantos@lopez.info,http://whitehead.info/,2020-05-21
79,Pittman,robbinsgordon@dyer-kim.info,http://barr-salas.org/,2021-09-29
80,Cowan,meghanfernandez@patel-todd.com,http://schaefer.com/,2020-11-02
81,Chen,gabrielarobbins@hawkins-bernard.com,http://www.benson-keller.com/,2020-09-05
82,Stanley,qlarson@berry.biz,http://www.potts-conrad.com/,2021-09-24
83,Gallegos,hmorgan@olson.com,https://ibarra.com/,2020-04-30
84,Pruitt,charlottemercer@hensley.net,http://watson-frye.org/,2020-12-12
85,Vaughan,escobarisabella@harrell-santiago.info,https://kirk-skinner.com/,2020-10-13
86,Bautista,jessica36@hart.com,https://www.mccormick.biz/,2021-08-17
87,Chase,ellen80@bonilla.com,http://jefferson.com/,2020-10-22
88,Hurley,chavezrandall@mckinney-stafford.net,https://www.anthony.net/,2020-05-27
89,Huang,gravesgrace@molina.org,http://wise-mendez.com/,2020-06-23
90,Cummings Jackson,hhuerta@morris-case.info,https://zimmerman.com/,2021-04-25
91,Chapman,ydavid@potter.com,http://sampson-marshall.biz/,2022-05-16
92,Cortez,colealexander@turner.biz,http://www.atkinson-may.com/,2020-09-20
93,Hendrix,carpenterkylie@chambers-frost.com,http://henry.com/,2021-02-11
94,Buchanan,adrian55@gardner-gaines.com,https://www.gutierrez-lloyd.com/,2022-04-14
95,Moore,bonillaalex@cervantes.org,http://www.mayer.com/,2021-03-20
96,Tanner,maureen18@barr.org,http://mccarty-meza.info/,2020-12-24
97,Sims,ocole@sanders-lowery.net,http://www.price.com/,2020-04-22
98,Strong,spencerbright@powell.biz,https://wall-reid.com/,2021-12-10
99,Mullins,dawncoffey@barker.com,https://newton-esparza.net/,2022-05-15
100,Rush,anthonyzuniga@tucker.com,http://moran.com/,2021-07-27
101,Hurst,carrillokenneth@bowman-montoya.com,https://allison.info/,2021-10-22
102,Collier,mercedes11@floyd-hall.com,https://bates-christian.biz/,2021-07-24
103,Sanchez,dominguezparker@preston.net,http://hill.com/,2021-12-12
104,Manning,vernonrush@harvey.com,http://www.hurst-johnston.info/,2020-06-30
105,Forbes,samantha34@mccarthy.com,https://hendrix-pittman.biz/,2020-04-11
106,Ryan,joconnor@cooley.com,https://jones.com/,2021-07-09
107,Short,toddmcmahon@beard-lambert.com,http://hurley.org/,2021-01-24
108,Henry,veronicablankenship@pace.com,http://osborne.com/,2020-03-02
109,West,swarren@buck-roach.com,https://frederick.com/,2020-06-24
110,Gallagher,garymelton@petersen-lam.org,http://www.lawrence.biz/,2020-01-03
111,Wiley,mathisgloria@house-hamilton.org,https://silva.com/,2020-07-05
112,Merritt,patrickfelicia@goodwin.org,https://henson.net/,2020-12-29
113,Mejia,hortonmiguel@mays-rivers.org,https://morse.org/,2021-02-06
114,Alvarez,preston76@house.com,https://valencia.com/,2020-08-07
115,Berger,moneal@hudson.biz,http://carpenter-estes.net/,2021-04-10
116,Daniel,beckyshaw@bradley-booth.com,http://cortez-cooper.com/,2021-07-23
117,Mueller,kanthony@osborne.com,https://www.butler.info/,2020-08-30
118,Middleton,alexandraroy@juarez-kane.com,http://james.org/,2020-05-23
119,Fletcher,ckhan@underwood.net,https://www.chase.info/,2020-03-25
120,Wong,joe34@salazar.com,https://www.duffy-coffey.biz/,2022-05-13
121,Brock,vernon36@browning.info,http://parrish.com/,2021-06-28
122,Petersen,pammorales@james-benjamin.net,http://werner.org/,2021-03-17
123,Fuller,paulcastaneda@burke.com,http://www.archer.com/,2021-09-29
124,Klein Richards,sarahpotts@bradford.com,https://alvarado.com/,2020-05-07
125,Fitzpatrick,wwhite@perez.com,https://www.kaufman-ho.com/,2021-09-12
126,Gregory,orice@drake.com,http://tapia-davis.com/,2020-10-04
127,Mckay,damon39@terrell.com,http://www.drake.com/,2020-02-13
128,Rhodes,watkinsevan@ward.biz,https://www.rojas.net/,2021-12-20
129,Byrd,meredith05@lawrence-shaw.com,https://hale-montes.com/,2020-06-17
130,Miller,lacey04@cross.com,http://www.nguyen-curry.com/,2021-10-28
131,Marsh,travisfoley@brandt.com,https://blake.net/,2021-05-25
132,Paul,hmccarty@sharp.biz,https://atkins.com/,2022-01-15
133,Oconnell,alisonsanders@durham.com,https://www.mack.biz/,2020-04-26
134,Bradshaw,bjordan@small-black.com,http://www.cordova.com/,2022-01-15
135,Chase,damonhowe@larsen.org,https://newman.com/,2021-07-15
136,Crawford,tasha85@wilson.biz,http://gray.com/,2021-11-27
137,Vance,oneilldamon@spencer.com,http://barr-faulkner.info/,2021-09-26
138,Sanford,weaverclinton@zamora.org,https://www.walton.biz/,2021-12-25
139,Singleton,xtapia@hensley.info,https://patel.com/,2022-04-25
140,Sutton,fenglish@warner.net,https://www.wells-simon.info/,2021-11-18
141,Eaton,brendanbarrera@gill-thornton.info,https://frey.com/,2022-04-17
142,Huff,peggy95@park.info,https://www.donaldson-norman.com/,2021-05-18
143,Pollard,kerriray@owen-stone.info,http://www.singleton.com/,2021-10-29
144,Hunter,nichole45@michael.org,https://www.thompson.org/,2021-09-19
145,Miles,daltonrangel@prince.biz,http://www.elliott-tyler.org/,2021-04-27
146,May,vmyers@novak-delacruz.biz,https://garner.net/,2021-08-01
147,Garza Brown,weavermeagan@sampson.com,https://fox.biz/,2020-03-02
148,Oconnell,hebertdarin@kidd.com,http://www.small.com/,2020-03-22
149,Garrett,elizabethcopeland@morris-moss.info,http://bautista.com/,2021-09-17
150,Bender,cannonshirley@carson-dorsey.com,https://www.brock.com/,2021-09-08
151,Harrison,dana05@hester.net,http://www.larson.com/,2021-01-23
152,Fowler,willie99@snyder.com,http://sloan.info/,2021-09-08
153,Golden,lunakirsten@zimmerman-salinas.org,https://howard-crawford.com/,2020-06-15
154,Lawson,marthaguerra@anderson.com,http://www.campos.org/,2020-04-30
155,Vaughan,joanne07@pennington.com,http://www.huffman.com/,2020-10-12
156,Hoover,jerry26@hudson-acevedo.net,http://curry.com/,2020-10-31
157,Boyle,katie93@norris.biz,https://www.whitehead.org/,2020-08-27
158,Noble,gacosta@stephenson-tyler.biz,http://www.best.com/,2020-03-31
159,Molina,madisoncarey@spence-beck.info,https://hinton.com/,2020-10-31
160,Christian,kari95@henry.org,https://weber.net/,2021-01-31
161,Estes,tiffany09@perkins.com,http://wilcox.com/,2021-05-27
162,Myers,davefarmer@neal-farrell.org,http://www.walter.info/,2022-01-13
163,Barker,lydiameyers@frederick.com,http://www.escobar.com/,2020-06-24
164,Huerta,timothyrivera@wade-galloway.net,https://www.bridges.biz/,2020-09-18
165,Knight,harmonmadison@finley-clarke.net,https://nash.info/,2020-10-19
166,Booth,vincent58@norton.com,https://www.mendez-duran.com/,2021-02-08
167,Guerra,brandibarker@peterson.net,http://cantu.com/,2021-07-05
168,Murillo,lindsayrocha@preston.org,http://www.orozco.biz/,2021-07-03
169,Lawrence,daniel75@hansen.com,http://mitchell.com/,2020-09-17
170,Ewing,eschultz@salas.com,https://vincent.com/,2020-08-05
171,Pacheco,perry87@nichols.biz,https://molina.com/,2021-10-12
172,Browning,frederickmisty@carpenter-nielsen.net,http://palmer-chan.org/,2021-01-25
173,Woods,jodonnell@oliver.com,http://www.medina.info/,2021-05-18
174,Lopez,ehampton@lopez-brandt.org,https://www.butler.com/,2021-03-16
175,Small,evansstuart@griffin.org,http://mata.com/,2021-12-16
176,Kirk,kristina23@carr-arias.com,https://galvan-lucero.org/,2020-05-05
177,Arellano Hayden,gabriellanorton@robertson.org,http://www.pena.com/,2021-04-17
178,Bullock,lonnieguerra@cooke.com,https://wallace.com/,2020-10-17
179,Leonard,cowandeanna@house.com,http://frye.com/,2020-11-24
180,Mcfarland,reginahancock@walker.org,http://haney.biz/,2021-01-17
181,Steele,jasmin18@juarez-richmond.com,http://lam-villanueva.com/,2021-04-25
182,Boone,sandy44@thomas.com,https://bradford.com/,2020-11-13
183,Moyer,gravesalisha@harrell.info,https://www.li.biz/,2021-11-24
184,Reese,bcole@stevens.com,http://www.bernard-archer.info/,2020-03-23
185,Bullock,jessica41@klein.biz,http://www.meadows.org/,2020-10-19
186,Paul,guymorrow@romero-owen.com,https://www.horne.com/,2020-06-14
187,Cardenas,manuel95@holden-franklin.com,http://www.maldonado.com/,2020-09-27
188,Velez,yreyes@rowe.com,https://li.com/,2020-01-29
189,Collins,russorussell@galloway.biz,https://franklin.com/,2020-12-30
190,Harper,craigwhitney@carrillo.info,https://randolph.com/,2020-04-10
191,Serrano,cwolf@arellano.com,http://www.wise-horton.com/,2021-09-30
192,Robbins,bweaver@levy.info,https://www.mccarty.biz/,2020-04-10
193,Abbott,wflynn@andersen.com,https://www.anderson.com/,2021-03-10
194,Cantrell,pcannon@choi.com,http://www.pacheco.com/,2021-04-17
195,Washington,luis12@buck.com,http://flynn-cameron.info/,2020-11-06
196,Suarez,fieldskelly@blackburn.biz,http://macias-duffy.com/,2020-03-22
197,Washington,vwhite@peterson-gould.com,https://www.lambert-smith.biz/,2022-03-17
198,Hamilton,cuevasgeorge@navarro-mcmahon.com,https://mccarthy.com/,2022-03-24
199,Fletcher,breanna32@mayer.net,https://www.jordan-phelps.org/,2020-12-31
200,Morse,kwarner@barrera.org,http://powers-bird.com/,2021-09-04
201,Pruitt,sharpgreg@rubio-garrison.org,https://www.stone.com/,2021-03-01
202,Peterson,usloan@harrington.com,https://www.duncan.org/,2022-01-16
203,Pearson,ariana05@kelly-arellano.com,http://www.conrad.com/,2021-01-10
204,Meadows,edward56@parks.biz,http://jones.com/,2020-10-02
205,Dickson,gcollier@golden.com,https://rhodes-hutchinson.org/,2021-08-22
206,Shannon,woodsdevin@maldonado.org,https://www.wheeler-wong.com/,2020-05-17
207,Vasquez,mcbridekylie@mcdowell-christensen.com,http://johnson.net/,2020-10-21
208,Oconnell,rothkerry@atkins-porter.com,http://www.miranda.info/,2021-08-04
209,Walker,jerrygates@garner.net,https://burnett.com/,2022-01-13
210,Shah,jack76@compton.com,https://www.hunter.com/,2021-09-09
211,Mitchell,kaitlinbooth@hurley.com,https://www.rhodes.biz/,2020-08-17
212,Schmidt,hillterrance@gamble.info,http://mccann.com/,2021-02-01
213,Simpson,mosleyross@lawrence.com,http://www.weiss.com/,2021-01-28
214,Keith,malik63@frazier-nichols.biz,http://www.gray.org/,2022-03-03
215,Hoffman,luceromaxwell@wong.biz,http://hodge-ramirez.com/,2021-01-15
216,Tyler,luis82@sparks.com,http://www.butler.biz/,2020-07-05
217,Ford,lauren64@faulkner-hood.info,http://mckee.com/,2020-12-05
218,Gates,elutz@medina-garcia.com,https://www.payne.com/,2021-05-11
219,Gaines,knappalisha@franco.org,http://www.robbins.biz/,2020-03-01
220,Wilson,yolanda40@rhodes.com,http://www.murray-woodard.net/,2020-05-03
221,Jordan,xortiz@gates.com,https://beltran.com/,2021-12-17
222,Stafford,obates@bennett-nicholson.net,https://freeman-maddox.com/,2020-10-26
223,Saunders,sabrinaerickson@wise.info,http://odom.info/,2020-09-10
224,Barrera,xrollins@mcfarland.com,https://www.hood-decker.com/,2020-02-11
225,Bullock,yolanda53@thomas.info,https://www.marshall.com/,2022-01-26
226,Stuart,lucas94@barrera.com,https://booth-guzman.info/,2021-02-16
227,Lamb,wisediane@dean.com,http://bowers-ashley.com/,2021-03-15
228,Huang Hendricks,tonyaruiz@farmer.com,http://www.hatfield.com/,2020-03-27
229,Ramos,triciarichards@shelton.net,http://www.hurley.com/,2021-03-30
230,Carpenter,philip88@carr.biz,http://www.boyle-archer.net/,2021-12-29
231,Whitehead,josephchaney@roach-rocha.info,https://www.huff.com/,2021-07-13
232,Arnold,shanecuevas@terry.com,http://rubio.com/,2020-10-01
233,Lawrence,aserrano@webb.org,http://gordon.org/,2021-03-02
234,Moran,ericksoncheyenne@taylor.com,https://harris-houston.biz/,2020-10-09
235,Stephens,dorothy66@howe-kim.com,https://suarez.com/,2022-05-10
236,Hale,oscar33@holden-morrow.com,https://maynard-madden.net/,2022-03-23
237,Lee,jacobskurt@dalton-small.com,http://www.mathews.com/,2020-12-18
238,Savage,iosborn@brady.com,http://levine-francis.com/,2020-11-08
239,Duffy,walterfrye@good-boyer.com,http://christian.com/,2020-04-12
240,Serrano,samuelwelch@reid.net,https://bush.com/,2020-08-17
241,Rosales,wcole@bell.info,https://www.roth-haney.com/,2021-10-18
242,Arellano,miguelmathis@crawford.info,https://burnett.com/,2022-05-03
243,Shea,romeroangie@cunningham.org,https://www.jennings-mann.com/,2021-01-26
